{
  "anomaly_score": 0.2,
  "reconstruction_error": 0.1,
  "alert_cooldown_minutes": 30,
  "training_metrics": {
    "precision": 0.6274158911954187,
    "recall": 0.6912460567823344,
    "f1_score": 0.6577861163227017,
    "auc_roc": 0.830069000181748,
    "alert_rate": 0.07761111111111112,
    "mean_latency": 0.0,
    "total_samples": 36000,
    "anomalies_detected": 2794,
    "true_anomalies": 2536
  },
  "training_timestamp": "2025-09-07T22:54:53.422920"
}